{
  "location": "Los Angeles",
  "year": 2017,
  "generated_at": "2025-09-18T15:42:02.800742174Z",
  "employee_count": 65577,
  "total_gross_pay": 3598396942,
  "avg_gross_pay": 54872.850877594276,
  "median_gross_pay": 35123,
  "std_dev": 81229.29411295352,
  "min_pay": 1,
  "max_pay": 3689042,
  "percentiles": {
    "p25": 5486.5,
    "p50": 35123,
    "p75": 69165.5,
    "p90": 128941.5,
    "p95": 177053,
    "p99": 381097
  },
  "pay_components": {
    "total_base": 2992474743,
    "total_overtime": 56263187,
    "total_adjustments": 549659012,
    "avg_base": 45632.99240587401,
    "avg_overtime": 857.9713466611769,
    "avg_adjustments": 8381.887125059091
  }
}
