{
  "location": "Los Angeles",
  "year": 2020,
  "generated_at": "2025-09-18T15:42:02.815641332Z",
  "employee_count": 62782,
  "total_gross_pay": 4205747756,
  "avg_gross_pay": 66989.70654009111,
  "median_gross_pay": 48437,
  "std_dev": 92673.94254749015,
  "min_pay": 1,
  "max_pay": 4313333,
  "percentiles": {
    "p25": 9449,
    "p50": 48434,
    "p75": 83867,
    "p90": 148486,
    "p95": 208316.5,
    "p99": 424213.5
  },
  "pay_components": {
    "total_base": 3499351644,
    "total_overtime": 59615813,
    "total_adjustments": 646780299,
    "avg_base": 55738.13583511198,
    "avg_overtime": 949.5685546812781,
    "avg_adjustments": 10302.002150297856
  }
}
