{
  "location": "Los Angeles",
  "year": 2022,
  "generated_at": "2025-09-18T15:42:02.85031855Z",
  "employee_count": 69621,
  "total_gross_pay": 4858898745,
  "avg_gross_pay": 69790.7060369716,
  "median_gross_pay": 48000,
  "std_dev": 101917.47991119119,
  "min_pay": 1,
  "max_pay": 5770000,
  "percentiles": {
    "p25": 8851,
    "p50": 47999.5,
    "p75": 86223.5,
    "p90": 157733.5,
    "p95": 222739.5,
    "p99": 476511.5
  },
  "pay_components": {
    "total_base": 3922046838,
    "total_overtime": 97289008,
    "total_adjustments": 839563682,
    "avg_base": 56334.25026931529,
    "avg_overtime": 1397.4089427040692,
    "avg_adjustments": 12059.05807155887
  }
}
