{
  "location": "Merced",
  "year": 2016,
  "generated_at": "2025-09-18T15:42:02.005786266Z",
  "employee_count": 4214,
  "total_gross_pay": 121713776,
  "avg_gross_pay": 28883.19316563835,
  "median_gross_pay": 8981.5,
  "std_dev": 40193.510603212075,
  "min_pay": 3,
  "max_pay": 395413,
  "percentiles": {
    "p25": 2713,
    "p50": 8971,
    "p75": 43893,
    "p90": 78953,
    "p95": 107884.5,
    "p99": 180887.5
  },
  "pay_components": {
    "total_base": 114463809,
    "total_overtime": 493897,
    "total_adjustments": 6756070,
    "avg_base": 27162.74537256763,
    "avg_overtime": 117.20384432842904,
    "avg_adjustments": 1603.2439487422876
  }
}
