{
  "location": "Merced",
  "year": 2021,
  "generated_at": "2025-09-18T15:42:02.06808252Z",
  "employee_count": 4841,
  "total_gross_pay": 178686777,
  "avg_gross_pay": 36911.129312125595,
  "median_gross_pay": 16442,
  "std_dev": 48109.82903165721,
  "min_pay": 7,
  "max_pay": 454279,
  "percentiles": {
    "p25": 2779,
    "p50": 16410.5,
    "p75": 56273,
    "p90": 100575.5,
    "p95": 132722,
    "p99": 214142.5
  },
  "pay_components": {
    "total_base": 166769741,
    "total_overtime": 467497,
    "total_adjustments": 11449505,
    "avg_base": 34449.44040487503,
    "avg_overtime": 96.57033670729189,
    "avg_adjustments": 2365.1115472009915
  }
}
