{
  "location": "Riverside",
  "year": 2011,
  "generated_at": "2025-09-18T15:42:02.127189061Z",
  "employee_count": 11914,
  "total_gross_pay": 294565852.1200006,
  "avg_gross_pay": 24724.34548598293,
  "median_gross_pay": 8144.5,
  "std_dev": 36736.18368578806,
  "min_pay": 2,
  "max_pay": 575000,
  "percentiles": {
    "p25": 2000,
    "p50": 8144,
    "p75": 34078.119999999995,
    "p90": 68959.63,
    "p95": 97235.43,
    "p99": 168387.5
  },
  "pay_components": {
    "total_base": 273389251.74000007,
    "total_overtime": 1343687.6199999994,
    "total_adjustments": 19832912.759999994,
    "avg_base": 22946.890359241235,
    "avg_overtime": 112.78224106093667,
    "avg_adjustments": 1664.6728856807113
  }
}
