{
  "location": "UCOP",
  "year": 2012,
  "generated_at": "2025-09-18T15:42:03.284453563Z",
  "employee_count": 2093,
  "total_gross_pay": 155307209.39000008,
  "avg_gross_pay": 74203.15785475398,
  "median_gross_pay": 63167.88,
  "std_dev": 72293.1625460646,
  "min_pay": 94.35,
  "max_pay": 1287285.24,
  "percentiles": {
    "p25": 35874.645000000004,
    "p50": 63148.354999999996,
    "p75": 93600,
    "p90": 139862.58000000002,
    "p95": 177118.425,
    "p99": 339843.2
  },
  "pay_components": {
    "total_base": 147686174.52999985,
    "total_overtime": 154018.38000000003,
    "total_adjustments": 7467016.479999993,
    "avg_base": 70561.95629718101,
    "avg_overtime": 73.58737697085525,
    "avg_adjustments": 3567.614180602003
  }
}
